Target Pest Name,Pest Taxonomy ID,Target Pest Order,Pest Developmental Stage,RNA Length (nt),RNA Sequence,DNA length（bp）,DNA Sequence,RNA Type,RNA Production Method,Target Gene Name,Gene Function,Gene ID,​​Mechanism of Pesticide/Biochemical Process,Delivery Material,Experimental Plants,Experimental Environment,Optimal Concentration,LC50,Time to Onset,Duration of Efficacy,Stability（Chemical Stability、Environmental Stability、Half-Life）,Effect,Efficiency（Low：＜40%；Medium：40%-80%；High：＞80%）,Efficiency,Reference PMID,Notes（Supplementary Information）,
Brassicogethes aeneus,,Coleoptera,Larva,N/A,N/A,222,AAGATGCACCACATAATGGACATTTTTCTTCAGGTTTTCCTCTGTAAATGGGGGTGTATGAATAACCACAAATCGAAAATGGATTATGTTCATCGTAATTTAATTGAAGTTCATCTGTTAAATTAGAGTCACAGGCCTGTAAAATTTTTCTTGCCTGCTGAGCCACCTCAGGACGTGGGCCCAATTCCAATAGCCTCTTGGCCAGCGAAGACG,dsRNA,In Vitro Transcription,coatomer subunit alpha (αCOP),Transporter,,N/A,none,Brassica napus,Climate room,5 μg/μL,N/A,5d,N/A,N/A,Lethality,Low,lasted 15 days post-exposure to dsRNA ——16％  mortality,33171797,,
Myzus persicae,,Hemiptera,Nymph and adult,21nt,AUUUGGAAAAGGAACCAAAGA,842bp,"=DISPIMG(""ID_DCD93133FC244433870811CDE7F319FE"",1)",miRNA,Chemical Synthesis,ATP-binding cassette subfamily G member 4 (ABCG4),Transporter,Accession Number: XM_022308173.1,Endogenous aci-miR-9b and its target gene AcABCG4 has been shown to regulate wing dimorphism and development through downstream insulin and insulin-like signaling pathways.,none,The Arabidopsis Col-0 ecotype,Laboratory,180nM,N/A,1d,"Aphid population slowly recovered after terminating the spray, suggesting the inhibition of the aphid growth is syn-ssRNA  dependent",N/A,Lethality,Medium,After 7 days of treatment with 180 nM syn-miR-9b，the mortality is about 70％,38647144,"=DISPIMG(""ID_E5433E57DE614CA1BABF82AF9DEE49C2"",1)",
Myzus persicae,,Hemiptera,Nymph and adult,21nt,AUUUGGAAAAGGAACCAAAGA,842bp,"=DISPIMG(""ID_C099CA3EBAD545BFAFF6D147BEE5FF28"",1)",miRNA,Plant Biosynthesis/Expression,ATP-binding cassette subfamily G member 4 (ABCG4),Transporter,Accession Number: XM_022308173.1,Endogenous aci-miR-9b and its target gene AcABCG4 has been shown to regulate wing dimorphism and development through downstream insulin and insulin-like signaling pathways.,none,The Arabidopsis Col-0 ecotype,Laboratory,1.8nM,N/A,3d,At least 15 days,N/A,Lethality,High,"On the third day of continuous application, the effectiveness of the amiRNA became apparent and remained significant for at least 7 days even after treatment",38647144,"=DISPIMG(""ID_1A1AE6E72E7F42C790F3A31CC8E56B33"",1)","The reson why Plant Biosynthesis miRNA has better stability：2’-Omethylation at the 30 end is a key step in the maturation of plant miRNAs and has a protective effect on miRNA stability. Additionally, methylation at the miRNA 30 end makes it resistant to periodate oxidation and prevents degradation by nuclease digestion and erosion in mammals, thus extending its half-life in body fluids. Furthermore, 20-modification can prevent recognition by innate immune receptors and limit off-target effects due to suppression of partially complementary pairing. On the other hand, the crude extraction used in the reagent-free method may preserve some unknown components that enhance the stability of sRNA and facilitate its uptake by pests."
Myzus persicae,,Hemiptera,Nymph and adult,21nt,CACUUUCGAUUUCAUUAAGAU,N/A,N/A,miRNA,Chemical Synthesis,vitellogenin receptor (VgR),Transporter,,"The Vitellogenin receptor (VgR), a member of the low-density lipoprotein receptor gene subfamily, was demonstrated to induce nymph deformity and reduce fecundity when inhibited.",none,The Arabidopsis Col-0 ecotype,Laboratory,60/180nM,N/A,1d,"Aphid population slowly recovered after terminating the spray, suggesting the inhibition of the aphid growth is syn-ssRNA  dependent",N/A,Teratogenicity,Medium,After 7 days of treatment with 180 nM syn-miR-9b，the mortality is about 70％,38647144,"=DISPIMG(""ID_5536C9D9BAF542E8B4BD24AC07A432A8"",1)",
Myzus persicae,,Hemiptera,Nymph and adult,21nt,CACUUUCGAUUUCAUUAAGAU,N/A,N/A,miRNA,Plant Biosynthesis/Expression,vitellogenin receptor (VgR),Transporter,,"The Vitellogenin receptor (VgR), a member of the low-density lipoprotein receptor gene subfamily, was demonstrated to induce nymph deformity and reduce fecundity when inhibited.",none,The Arabidopsis Col-0 ecotype,Laboratory,0.6nM,N/A,3d,At least 15 days,N/A,Teratogenicity,High,"On the third day of continuous application, the effectiveness of the amiRNA became apparent and remained significant for at least 7 days even after treatment",38647144,"=DISPIMG(""ID_ACE6FEB02E7B477A91446C70BD6BAEEC"",1)","The reson why Plant Biosynthesis miRNA has better stability：2’-Omethylation at the 30 end is a key step in the maturation of plant miRNAs and has a protective effect on miRNA stability. Additionally, methylation at the miRNA 30 end makes it resistant to periodate oxidation and prevents degradation by nuclease digestion and erosion in mammals, thus extending its half-life in body fluids. Furthermore, 20-modification can prevent recognition by innate immune receptors and limit off-target effects due to suppression of partially complementary pairing. On the other hand, the crude extraction used in the reagent-free method may preserve some unknown components that enhance the stability of sRNA and facilitate its uptake by pests."
Phyllotreta striolata,,Coleoptera,Adult,N/A,N/A,430bp,"=DISPIMG(""ID_D75935DC67F1477BB1BA92FA058AA5F4"",1)",dsRNA,In Vitro Transcription,"psJHBP-like (for juvenile hormone binding protein, JHBP)",Transporter,PHYEVI_LOCUS1389,N/A,none,Brassica campestris,Laboratory,1000 ng/μL,N/A,N/A,N/A,Introducing dsRNA via feeding can lead to molecular degradation during transmission,Lethality,Medium,The highest lethality at 68％ mortality,40207547,"Based on others' study: silencing of psJHBP-like may lead to abnormalities in cell proliferation, development, and growth in the gut, resulting in physiological dysfunction.",
Phyllotreta striolata,,Coleoptera,Adult,N/A,N/A,189bp,"=DISPIMG(""ID_1936A0427F3E4E5CB610887EB73AC86A"",1)",dsRNA,In Vitro Transcription,"psaaNAT-like (for arylalkylamine N-acetyltransferase, aaNAT)",Metabolism,PHYEVI_LOCUS628,N/A,none,Brassica campestris,Laboratory,1000 ng/μL,N/A,N/A,N/A,Introducing dsRNA via feeding can lead to molecular degradation during transmission,Lethality,High,The highest lethality at 82% mortality,40207547,"Considering the reported function of aaNAT in the development of cuticle formation and neurotransmitter metabolism, we speculate that after ingesting dsRNA, beetles experience a period of response time in gene downregulation, further negatively affecting their gut and tissue damaged under RNAi, and hindering normal feeding and digestion. This negative effect on the gut is also reflected in the morphology of feces remaining on the leaves, indicating abnormal gut function.",
Leptinotarsa decemlineata,,Coleoptera,Larva（2nd instar）,460bp,AGGTGCGGCAGACTGTGTTTATTGGGACCGTGTACTGGCCAAACAATGTAGAATGTATGAATTAAGGAACAGGGAGCGTATTTCTGTAGCAGCTGCTTCCAAATTGATGGCAAACATGGTATACAATTACAAGGGAATGGGACTGTCAATGGGAATGATGTTAGCAGGATGGGATAAACAGCTGCTTCCAAATTGATGGCAAACATGGTATACAATTACAAGGGAATGGGACTGTCAATGGGAATGATGTTAGCAGGATGGGATAAATGGTGTCTTGGATTCCGGATACAAATGGGATTTGACGGATGAGGAGGCTTACGATTTGGGTCGCAGGGCGATTTACCATGCCACACACAGAGATGCCTACTCTGGAGGTATCGTGAGGGTTTATCACATGAAGGAGACTGGTTGGATACATATTGATAACAATGATTGTAATGATTTACATTATAAGTACCAGGCTGAGAAGGAAGATTTG,N/A,N/A,dsRNA,Cell-Free Synthesis Platform,proteasome subunit beta 5（PSMB5),Proteasome,XM_023158308.1,Impairing the pathway of PSMB5 encodes catalytic subunits of the proteasome beta molecular machine is hypothesized to be lethal to CPB through the accumulation of protein molecules that are not degraded.,none,Solanum tuberosum,Laboratory,255× 10−5 g/L,N/A,4d,Both PSMB5 mRNA and protein levels did not recover over time.,N/A,Lethality,High,"Fed on Ledprona for 6 h, 9 days after initial exposure: 90％ mortality",34887882,"Ledprona provided protection against defoliation similar to a commercial standard, conferring high percentage of pest mortality across a wide dsRNA dose range.",
Leptinotarsa decemlineata,,Coleoptera,Larva（2nd instar）,460bp,AGGTGCGGCAGACTGTGTTTATTGGGACCGTGTACTGGCCAAACAATGTAGAATGTATGAATTAAGGAACAGGGAGCGTATTTCTGTAGCAGCTGCTTCCAAATTGATGGCAAACATGGTATACAATTACAAGGGAATGGGACTGTCAATGGGAATGATGTTAGCAGGATGGGATAAACAGCTGCTTCCAAATTGATGGCAAACATGGTATACAATTACAAGGGAATGGGACTGTCAATGGGAATGATGTTAGCAGGATGGGATAAATGGTGTCTTGGATTCCGGATACAAATGGGATTTGACGGATGAGGAGGCTTACGATTTGGGTCGCAGGGCGATTTACCATGCCACACACAGAGATGCCTACTCTGGAGGTATCGTGAGGGTTTATCACATGAAGGAGACTGGTTGGATACATATTGATAACAATGATTGTAATGATTTACATTATAAGTACCAGGCTGAGAAGGAAGATTTG,N/A,N/A,dsRNA,Cell-Free Synthesis Platform,proteasome subunit beta 5（PSMB5),Proteasome,XM_023158308.1,Impairing the pathway of PSMB5 encodes catalytic subunits of the proteasome beta molecular machine is hypothesized to be lethal to CPB through the accumulation of protein molecules that are not degraded.,none,Solanum tuberosum,Laboratory,255× 10−5 g/L,N/A,4d,Both PSMB5 mRNA and protein levels did not recover over time.,N/A,Lethality,High,"Fed on Ledprona for 6 h, 9 days after initial exposure: 90％ mortality.",34887882,"Ledprona provided protection against defoliation similar to a commercial standard, conferring high percentage of pest mortality across a wide dsRNA dose range.",
Leptinotarsa decemlineata,,Coleoptera,Larva（2nd instar）,460bp,AGGTGCGGCAGACTGTGTTTATTGGGACCGTGTACTGGCCAAACAATGTAGAATGTATGAATTAAGGAACAGGGAGCGTATTTCTGTAGCAGCTGCTTCCAAATTGATGGCAAACATGGTATACAATTACAAGGGAATGGGACTGTCAATGGGAATGATGTTAGCAGGATGGGATAAACAGCTGCTTCCAAATTGATGGCAAACATGGTATACAATTACAAGGGAATGGGACTGTCAATGGGAATGATGTTAGCAGGATGGGATAAATGGTGTCTTGGATTCCGGATACAAATGGGATTTGACGGATGAGGAGGCTTACGATTTGGGTCGCAGGGCGATTTACCATGCCACACACAGAGATGCCTACTCTGGAGGTATCGTGAGGGTTTATCACATGAAGGAGACTGGTTGGATACATATTGATAACAATGATTGTAATGATTTACATTATAAGTACCAGGCTGAGAAGGAAGATTTG,N/A,N/A,dsRNA,Cell-Free Synthesis Platform,proteasome subunit beta 5（PSMB5),Proteasome,XM_023158308.1,Impairing the pathway of PSMB5 encodes catalytic subunits of the proteasome beta molecular machine is hypothesized to be lethal to CPB through the accumulation of protein molecules that are not degraded.,none,Solanum tuberosum,Greenhouse,0.8g ai/ha,N/A,7d,Both PSMB5 mRNA and protein levels did not recover over time.,N/A,Lethality,High,100％ mortality at 14 days after treatment,34887882,"Ledprona provided protection against defoliation similar to a commercial standard, conferring high percentage of pest mortality across a wide dsRNA dose range.",
Amphitetranychus viennensis,,Acarina,Adult,N/A,N/A,N/A,N/A,dsRNA,In Vitro Transcription,AvProsbeta5(proteasome subunit beta 5),Proteasome,,N/A,none,Prunus davidiana,Laboratory,5ng/μL,N/A,11d,N/A,N/A,Lethality,High,The total population of A. viennensis decreased significantly by 95.08 % at 17 days,39706416,Conducting dsAvProsbeta5 treatment to test the suitability of sprayable dsRNA-based biopesticides against A. viennensis,
Leptinotarsa decemlineata,,Coleoptera,Larva（3rd instar）,200bp,N/A,1311bp,N/A,dsRNA,In Vitro Transcription,dsACT200,Structure,,"Targeting the CPB essential cytoskeletal protein-encoding gene, β-Actin could cause relatively high mortality of CPB in 5 days",none,Solanum tuberosum,Laboratory,0.32ng/μL,N/A,2d,At least 28 days,N/A,Lethality,Medium,dsACT200 ≈ dsACT200–1 ≈ dsACT200–2 ≈ dsACT200–4 ≈ dsACT700 > dsACT200–3,35715059,"Combined with the survival rate of CPB larvae, β-Actin gene expression level and the surviving CPB larvae weight, various positional dsRNAs from the same allele showed different plant protection activity against CPB larvae and partially correlated with the predicted siRNA numbers and distribution on the target sequence. This study suggests the specific allelic locus for rational dsRNA design triggering RNAi efficiency for target gene silencing is an essential factor in enhancing the insecticidal activity.",
Leptinotarsa decemlineata,,Coleoptera,Larva（3rd instar）,200bp,N/A,1311bp,N/A,dsRNA,In Vitro Transcription,dsACT200–1,Structure,,"Targeting the CPB essential cytoskeletal protein-encoding gene, β-Actin could cause relatively high mortality of CPB in 5 days",none,Solanum tuberosum,Laboratory,0.32ng/μL,N/A,2d,At least 28 days,N/A,Lethality,Medium,dsACT200 ≈ dsACT200–1 ≈ dsACT200–2 ≈ dsACT200–4 ≈ dsACT700 > dsACT200–3,35715059,Each fragment could be ordered as ACT200–2 > ACT200 > ACT200–4 > ACT200–1 > ACT200–3 based on the total numbers of predicted siRNAs. This study suggests the specific allelic locus for rational dsRNA design triggering RNAi efficiency for target gene silencing is an essential factor in enhancing the insecticidal activity.,
Leptinotarsa decemlineata,,Coleoptera,Larva（3rd instar）,200bp,N/A,1311bp,N/A,dsRNA,In Vitro Transcription,dsACT200–2,Structure,,"Targeting the CPB essential cytoskeletal protein-encoding gene, β-Actin could cause relatively high mortality of CPB in 5 days",none,Solanum tuberosum,Laboratory,0.32ng/μL,N/A,2d,At least 28 days,N/A,Lethality,Medium,dsACT200 ≈ dsACT200–1 ≈ dsACT200–2 ≈ dsACT200–4 ≈ dsACT700 > dsACT200–3,35715059,Each fragment could be ordered as ACT200–2 > ACT200 > ACT200–4 > ACT200–1 > ACT200–3 based on the total numbers of predicted siRNAs. This study suggests the specific allelic locus for rational dsRNA design triggering RNAi efficiency for target gene silencing is an essential factor in enhancing the insecticidal activity.,
Leptinotarsa decemlineata,,Coleoptera,Larva（3rd instar）,200bp,N/A,1311bp,N/A,dsRNA,In Vitro Transcription,dsACT200–3,Structure,,"Targeting the CPB essential cytoskeletal protein-encoding gene, β-Actin could cause relatively high mortality of CPB in 5 days",none,Solanum tuberosum,Laboratory,0.32ng/μL,N/A,4d,At least 28 days,N/A,Lethality,Low,dsACT200 ≈ dsACT200–1 ≈ dsACT200–2 ≈ dsACT200–4 ≈ dsACT700 > dsACT200–3,35715059,Each fragment could be ordered as ACT200–2 > ACT200 > ACT200–4 > ACT200–1 > ACT200–3 based on the total numbers of predicted siRNAs. This study suggests the specific allelic locus for rational dsRNA design triggering RNAi efficiency for target gene silencing is an essential factor in enhancing the insecticidal activity.,
Leptinotarsa decemlineata,,Coleoptera,Larva（3rd instar）,200bp,N/A,1311bp,N/A,dsRNA,In Vitro Transcription,dsACT200–4,Structure,,"Targeting the CPB essential cytoskeletal protein-encoding gene, β-Actin could cause relatively high mortality of CPB in 5 days",none,Solanum tuberosum,Laboratory,0.32ng/μL,N/A,4d,At least 28 days,N/A,Lethality,Medium,dsACT200 ≈ dsACT200–1 ≈ dsACT200–2 ≈ dsACT200–4 ≈ dsACT700 > dsACT200–3,35715059,Each fragment could be ordered as ACT200–2 > ACT200 > ACT200–4 > ACT200–1 > ACT200–3 based on the total numbers of predicted siRNAs. This study suggests the specific allelic locus for rational dsRNA design triggering RNAi efficiency for target gene silencing is an essential factor in enhancing the insecticidal activity.,
Leptinotarsa decemlineata,,Coleoptera,Larva（3rd instar）,700bp,N/A,1311bp,N/A,dsRNA,In Vitro Transcription,dsACT700,Structure,,"Targeting the CPB essential cytoskeletal protein-encoding gene, β-Actin could cause relatively high mortality of CPB in 5 days",none,Solanum tuberosum,Laboratory,0.32ng/μL,N/A,2d,At least 28 days,N/A,Lethality,Medium,dsACT200 ≈ dsACT200–1 ≈ dsACT200–2 ≈ dsACT200–4 ≈ dsACT700 > dsACT200–3,35715059,Each fragment could be ordered as ACT200–2 > ACT200 > ACT200–4 > ACT200–1 > ACT200–3 based on the total numbers of predicted siRNAs. This study suggests the specific allelic locus for rational dsRNA design triggering RNAi efficiency for target gene silencing is an essential factor in enhancing the insecticidal activity.,
Bemisia tabaci,,Hemiptera,Adult,200bp,N/A,600bp,N/A,dsRNA,In Vitro Transcription,V-ATPase-A,Structure,BT012635,N/A,none,N/A,Laboratory,3.08 μg/mL,N/A,3d,Up to 14 days,N/A,Lethality,High,75% mortality,21451256,Silencing of JHEH and EcR genes of Plutella xylostella (Lepidoptera:,
Bemisia tabaci,,Hemiptera,Adult,N/A,N/A,N/A,N/A,dsRNA,In Vitro Transcription,Aquaporin ,Structure,,"RNAi-mediated gene silencing disrupts osmoregulation in Bemisia tabaci, leading to mortality",none,N/A,Laboratory,N/A,N/A,6d,N/A,N/A,Lethality,High,70% mortality,27105353,Plutellidae) through double stranded RNA oral delivery,
Chilo suppressalis,,Lepidoptera,Larva（2nd instar）,N/A,"N/A
N/A
N/A",676bp,N/A,dsRNA,Microbial Synthesis,CsGPDH,Metabolism,GenBank No. MT468184,N/A,none,Rice seedlings (MH63),Laboratory,N/A,N/A,N/A,N/A,N/A,"Lethality,Growth Inhibition",Medium,about 50％ mortality at 7-days post feeding,22500293,"=DISPIMG(""ID_F8A7CB27EE3548F290C6D3D7CED14484"",1)",
Chilo suppressalis,,Lepidoptera,Larva（2nd instar）,N/A,N/A,558bp,N/A,dsRNA,Microbial Synthesis,CsND,Metabolism,GenBank No. MN401747,N/A,none,Rice seedlings (MH63),Laboratory,N/A,N/A,N/A,N/A,N/A,"Lethality,Growth Inhibition",Medium,about 50％ mortality at 7-days post feeding,22500293,"=DISPIMG(""ID_8C0FF7052157444EB8289C8E87C373E7"",1)",
Chilo suppressalis,,Lepidoptera,Larva（2nd instar）,N/A,N/A,670bp,N/A,dsRNA,Microbial Synthesis,CsMSL3,Central dogma,GenBank No. MT468185,N/A,none,Rice seedlings (MH63),Laboratory,N/A,N/A,N/A,N/A,N/A,"Lethality,Growth Inhibition",Medium,about 50％ mortality at 7-days post feeding,22500293,"=DISPIMG(""ID_F21FE4731D3E4573AF0084E423CCA3A3"",1)",
Chilo suppressalis,,Lepidoptera,Larva（2nd instar）,N/A,"N/A
N/A
N/A",N/A,N/A,dsRNA,Microbial Synthesis,CsND+CsGPDH,Metabolism,GenBank No. MN401747;GenBank No. MT468184,N/A,none,Rice seedlings (MH63),Laboratory,N/A,N/A,N/A,N/A,N/A,"Lethality,Growth Inhibition",Medium,about 50％ mortality at 7-days post feeding,22500293,"=DISPIMG(""ID_9934090A32C9484A9333A2207D234EB2"",1)",
Chilo suppressalis,,Lepidoptera,Larva（2nd instar）,N/A,N/A,N/A,N/A,dsRNA,Microbial Synthesis,CsMSL3+CsGPDH,"Central dogma,Metabolism",GenBank No. MT468185;GenBank No. MT468184,N/A,none,Rice seedlings (MH63),Laboratory,N/A,N/A,N/A,N/A,N/A,"Lethality,Growth Inhibition",Medium,about 50％ mortality at 7-days post feeding,22500293,"=DISPIMG(""ID_FED784C5D54144779AFA4B186B0DF69A"",1)",
Chilo suppressalis,,Lepidoptera,Larva（2nd instar）,N/A,N/A,N/A,N/A,dsRNA,Microbial Synthesis,CsMSL3+CsND,"Central dogma,Metabolism",GenBank No. MT468185;GenBank No. MN401747,N/A,none,Rice seedlings (MH63),Laboratory,N/A,N/A,N/A,N/A,N/A,"Lethality,Growth Inhibition",Medium,about 50％ mortality at 7-days post feeding,22500293,"=DISPIMG(""ID_FA455E5F2B694482AEB3D42A1527A172"",1)",
Chilo suppressalis,,Lepidoptera,Larva（2nd instar）,N/A,N/A,N/A,N/A,dsRNA,Microbial Synthesis,CsMSL3+CsND+CsGPDH,"Central dogma,Metabolism",GenBank No. MT468185;GenBank No. MN401747；GenBank No. MT468184,N/A,none,Rice seedlings (MH63),Laboratory,N/A,N/A,N/A,N/A,N/A,"Lethality,Growth Inhibition",Medium,about 75％ mortality at 7-days post feeding,22500293,"=DISPIMG(""ID_FA455E5F2B694482AEB3D42A1527A172"",1)",
Helicoverpa armigera,,Lepidoptera,Larva（1st instar）,503bp,N/A,N/A,N/A,dsRNA,In Vitro Transcription,chymotrypsin,Metabolism,GenBank No. GU323798.1,RNAi-mediated gene silencing disrupts metabolism,none,Chickpea based semi-synthetic,Laboratory,80μg,N/A,6d,N/A,N/A,Growth Inhibition,High,highest silencing of 98% was observed in 80μg dsRNA,23557597,silencing of chymotrypsin observed here may kindle interest in the selection of midgut genes,
Helicoverpa armigera,,Lepidoptera,Larva（1st instar）,460bp,N/A,N/A,N/A,dsRNA,In Vitro Transcription,Jhamt,Metabolism,GenBank No.  GU323796.1,"silencing EcR has various significant effects on larval-pupal commitment, post molting deformities, antifeeding activities, thereby pest management can be achieved.",none,Chickpea based semi-synthetic,Laboratory,20μg,N/A,6d,N/A,N/A,"Growth Inhibition,Metabolic Disruption",High,highest silencing of 78% was recorded in 10μg dsRNA,23557597,silencing of non-midgut gene ( jhamt) observed here may kindle interest in the selection of non-midgut genes,
Plutella xylostella,,Lepidoptera,Larva（1st instar）,798bp,N/A,N/A,N/A,dsRNA,In Vitro Transcription,JHEH,Metabolism,GenBank No. KT595673,N/A,none,Cabbage leaf,Laboratory,20 μg/μl,N/A,4d,N/A,N/A,Lethality,Medium,"ds-PxEcR treatments, the mortality chronicled was 53%with 20 μg/μl dsRNA concentration at 96 h",http://dx.doi.org/10.1016/j.aspen.2017.03.020,"=DISPIMG(""ID_25CAA171BC8B4B9EA04013E81CDC2534"",1)",
Plutella xylostella,,Lepidoptera,Larva（1st instar）,671bp,N/A,N/A,N/A,dsRNA,In Vitro Transcription,EcR,Metamorphosis,GenBank No. KT626046,N/A,none,Cabbage leaf,Laboratory,20 μg/μl,N/A,4d,N/A,N/A,Lethality,Medium,Post treatment with ds-PxJHEH resulted in 66.66% mortality with 20 μg/μl at 96 h,http://dx.doi.org/10.1016/j.aspen.2017.03.020,"=DISPIMG(""ID_7B3BE94728684F2597FE1FB953D64D7C"",1)",
Sogatella furcifera,,Hemiptera,Nymph,"N/A
N/A
N/A","N/A
N/A
N/A",N/A,N/A,dsRNA,Microbial Synthesis,SfVHA-B,Transporter,Sfur02347,N/A,Nanoparticle,Oryza sativa,Laboratory,1000 ng/μL,N/A,1d,N/A,N/A,"Lethality,Teratogenicity,Metabolic Disruption",Medium,about 45％ mortality at 7 days post-spraying,38428617,"=DISPIMG(""ID_983DAB11112A4D5DB9975E6275A7810F"",1)",
Sogatella furcifera,,Hemiptera,Nymph,N/A,N/A,N/A,N/A,dsRNA,Microbial Synthesis,SfVHA-D,Transporter,Sfur16380,N/A,Nanoparticle,Oryza sativa,Laboratory,1000 ng/μL,N/A,1d,N/A,N/A,"Lethality,Teratogenicity",Medium,about 55％ mortality at 7 days post-spraying,38428617,"=DISPIMG(""ID_29C3F3377699466ABE915D2797AF3287"",1)",
Sogatella furcifera,,Hemiptera,Nymph,N/A,N/A,N/A,N/A,dsRNA,Microbial Synthesis,SfVHA-E1,Transporter,Sfur14021,N/A,Nanoparticle,Oryza sativa,Laboratory,1000 ng/μL,N/A,1d,N/A,N/A,"Lethality,Teratogenicity",Medium,about 55％ mortality at 7 days post-spraying,38428617,"=DISPIMG(""ID_D88DFE17C96449B3994B82A786C18945"",1)",
Sogatella furcifera,,Hemiptera,Nymph,N/A,N/A,N/A,N/A,dsRNA,Microbial Synthesis,SfVHA-E3,Transporter,Sfur14291,N/A,Nanoparticle,Oryza sativa,Laboratory,1000 ng/μL,N/A,1d,N/A,N/A,"Lethality,Teratogenicity,Metabolic Disruption",Medium,about 45％ mortality at 7 days post-spraying,38428617,"=DISPIMG(""ID_24CABB147FC6477AA7BC69A12292E64B"",1)",
Sogatella furcifera,,Hemiptera,Nymph,N/A,N/A,N/A,N/A,dsRNA,Microbial Synthesis,SfVHA-F,Transporter,Sfur16884,N/A,Nanoparticle,Oryza sativa,Laboratory,1000 ng/μL,N/A,1d,N/A,N/A,"Lethality,Metabolic Disruption",Medium,about 65％ mortality at 7 days post-spraying,38428617,"=DISPIMG(""ID_C39C10EE7CA64282B63EA4DA405342ED"",1)",
Sogatella furcifera,,Hemiptera,Nymph,N/A,N/A,N/A,N/A,dsRNA,Microbial Synthesis,SfVHA-H,Transporter,Sfur02091,N/A,Nanoparticle,Oryza sativa,Laboratory,1000 ng/μL,N/A,1d,N/A,N/A,"Lethality,Teratogenicity,Metabolic Disruption",Low,about 33％ mortality at 7 days post-spraying,38428617,"=DISPIMG(""ID_28574C6221914C7F8918C2B505B9A58D"",1)",
Sogatella furcifera,,Hemiptera,Nymph,"N/A
N/A
N/A","N/A
N/A
N/A",N/A,N/A,dsRNA,Microbial Synthesis,SfVHA-a2,Transporter,Sfur16914,N/A,Nanoparticle,Oryza sativa,Laboratory,1000 ng/μL,N/A,1d,N/A,N/A,"Lethality,Metabolic Disruption",Medium,about 75％ mortality at 7 days post-spraying,38428617,"=DISPIMG(""ID_6850846FED6946EE9EADA9E37DDCA70A"",1)",
Sogatella furcifera,,Hemiptera,Nymph,N/A,N/A,N/A,N/A,dsRNA,Microbial Synthesis,SfVHA-c1,Transporter,Sfur01366,N/A,Nanoparticle,Oryza sativa,Laboratory,1000 ng/μL,N/A,1d,N/A,N/A,"Lethality,Metabolic Disruption",Medium,about 67％ mortality at 7 days post-spraying,38428617,"=DISPIMG(""ID_7E365FBCD0944BFDBEF5EBE96CF88B85"",1)",
Sogatella furcifera,,Hemiptera,Nymph,N/A,N/A,N/A,N/A,dsRNA,Microbial Synthesis,SfVHA-c2,Transporter,Sfur00704,N/A,Nanoparticle,Oryza sativa,Laboratory,1000 ng/μL,N/A,1d,N/A,N/A,"Lethality,Teratogenicity,Metabolic Disruption",Medium,about 68％ mortality at 7 days post-spraying,38428617,"=DISPIMG(""ID_8F17870ADDFD450FB617B7C1514D6086"",1)",
Sogatella furcifera,,Hemiptera,Nymph,N/A,N/A,N/A,N/A,dsRNA,Microbial Synthesis,SfVHA-d3,Transporter,Sfur09003,N/A,Nanoparticle,Oryza sativa,Laboratory,1000 ng/μL,N/A,1d,N/A,N/A,"Lethality,Teratogenicity,Metabolic Disruption",Medium,about 62％ mortality at 7 days post-spraying,38428617,"=DISPIMG(""ID_30D6CFF9AD004EA5A0DE8B69157608F1"",1)",
Tuta absoluta,,Lepidoptera,Larva（2nd instar）,192nt,N/A,N/A,N/A,dsRNA,In Vitro Transcription,v-ATPase,Transporter,Accession number： MN414200,N/A,none,Solanum lycopersicum,Laboratory,50 μg/cm2,3.426μg/μl,1d,N/A,N/A,Lethality,Medium,about 63％ mortality after 72h of treatment,34867448,"=DISPIMG(""ID_59D0A5559830474DA686FA7F1F0353D9"",1)",
Tuta absoluta,,Lepidoptera,Larva（2nd instar）,136nt,N/A,N/A,N/A,dsRNA,In Vitro Transcription,JHBP,Transporter,Accession number： OK066277,N/A,none,Solanum lycopersicum,Laboratory,50 μg/cm2,4.121μg/μl,1d,N/A,N/A,Lethality,Medium,about 70％ mortality after 72h of treatment,34867448,"=DISPIMG(""ID_292D5D35460A4660BAEC1C285B460CAE"",1)",
Leptinotarsa decemlineata,,Coleoptera,Larva（2nd instar）,417bp,CTTTTGTGGGATTCAACGCTGGAAACGGTACTAGAAGTTTTGAATACAAACCATACAGTCAAGAATCTGTTATTCGAGATCTCACACAAACTGGTTTCGCTAATGGTTTCAAAGGAAGGCACATTTTCCGAATCGACGAAAATATCCTAACTGGAACATGCAATAAAGATATAGATGGTGCTAATCTACCGTTAATGATATCTCCAGAAAGTGGAAATATGCTGGGTGGAACAATAGTGAATATAACAGGACCTTGTTTCGGCCTAGACGACCAAGTTAAATGCAAATTTGATGTAGCCGATGAAATAAATGGCGTCGTTATAGATAAAAACAGGGCTATATGCATCCAACCTAGACTGTATGCCGAAGGATGGGTGAATTTACAAATAGCCATAGGGGCTGGGGTATACAAATGGA,N/A,N/A,dsRNA,In Vitro Transcription,Mesh,Structure,LOC111504068,N/A,none,Solanum tuberosum,Laboratory,0.4μg/μL,N/A,N/A,N/A,N/A,Lethality,High,100％ mortality for continuous feeding on sprayed detached leaves for about 6 days,32973826,"=DISPIMG(""ID_7C4A261C421743CCBFED01C8748769A5"",1)",
Leptinotarsa decemlineata,,Coleoptera,Larva（2nd instar）,417bp,CTTTTGTGGGATTCAACGCTGGAAACGGTACTAGAAGTTTTGAATACAAACCATACAGTCAAGAATCTGTTATTCGAGATCTCACACAAACTGGTTTCGCTAATGGTTTCAAAGGAAGGCACATTTTCCGAATCGACGAAAATATCCTAACTGGAACATGCAATAAAGATATAGATGGTGCTAATCTACCGTTAATGATATCTCCAGAAAGTGGAAATATGCTGGGTGGAACAATAGTGAATATAACAGGACCTTGTTTCGGCCTAGACGACCAAGTTAAATGCAAATTTGATGTAGCCGATGAAATAAATGGCGTCGTTATAGATAAAAACAGGGCTATATGCATCCAACCTAGACTGTATGCCGAAGGATGGGTGAATTTACAAATAGCCATAGGGGCTGGGGTATACAAATGGA,N/A,N/A,dsRNA,In Vitro Transcription,Mesh,Structure,LOC111504068,N/A,none,Solanum tuberosum,Laboratory,0.5 μg/μl,N/A,N/A,N/A,N/A,Lethality,High,about 95％ mortality for discontinuous feeding on leaf disksfeeding for 7 days,32973826,"=DISPIMG(""ID_C024C6F3212C4152ACC96E9AC8871CFC"",1)",
Leptinotarsa decemlineata,,Coleoptera,Larva（2nd instar）,417bp,CTTTTGTGGGATTCAACGCTGGAAACGGTACTAGAAGTTTTGAATACAAACCATACAGTCAAGAATCTGTTATTCGAGATCTCACACAAACTGGTTTCGCTAATGGTTTCAAAGGAAGGCACATTTTCCGAATCGACGAAAATATCCTAACTGGAACATGCAATAAAGATATAGATGGTGCTAATCTACCGTTAATGATATCTCCAGAAAGTGGAAATATGCTGGGTGGAACAATAGTGAATATAACAGGACCTTGTTTCGGCCTAGACGACCAAGTTAAATGCAAATTTGATGTAGCCGATGAAATAAATGGCGTCGTTATAGATAAAAACAGGGCTATATGCATCCAACCTAGACTGTATGCCGAAGGATGGGTGAATTTACAAATAGCCATAGGGGCTGGGGTATACAAATGGA,417bp,N/A,dsRNA,In Vitro Transcription,Mesh,Structure,LOC111504068,N/A,none,Solanum tuberosum,Laboratory,0.6 μg/larva,N/A,N/A,N/A,N/A,Lethality,High,about 95 ％ mortality  for discontinuous feeding on leaf disksfeeding for 10 days,32973826,"=DISPIMG(""ID_E5866528965143589F6001022CE9FD5F"",1)",
Leptinotarsa decemlineata,,Coleoptera,Larva（2nd instar）,417bp,CTTTTGTGGGATTCAACGCTGGAAACGGTACTAGAAGTTTTGAATACAAACCATACAGTCAAGAATCTGTTATTCGAGATCTCACACAAACTGGTTTCGCTAATGGTTTCAAAGGAAGGCACATTTTCCGAATCGACGAAAATATCCTAACTGGAACATGCAATAAAGATATAGATGGTGCTAATCTACCGTTAATGATATCTCCAGAAAGTGGAAATATGCTGGGTGGAACAATAGTGAATATAACAGGACCTTGTTTCGGCCTAGACGACCAAGTTAAATGCAAATTTGATGTAGCCGATGAAATAAATGGCGTCGTTATAGATAAAAACAGGGCTATATGCATCCAACCTAGACTGTATGCCGAAGGATGGGTGAATTTACAAATAGCCATAGGGGCTGGGGTATACAAATGGA,417bp,N/A,dsRNA,Microbial Synthesis,Mesh,Structure,LOC111504068,N/A,none,Solanum tuberosum,Laboratory,0.6 μg/larva,N/A,N/A,N/A,N/A,Lethality,High,about 95 ％ mortality  for discontinuous feeding on leaf disksfeeding for 7 days,32973826,"=DISPIMG(""ID_C181457A66A242D585DFDDAEDD0E985F"",1)",
Leptinotarsa decemlineata,,Coleoptera,Larva（4th instar）,417bp,CTTTTGTGGGATTCAACGCTGGAAACGGTACTAGAAGTTTTGAATACAAACCATACAGTCAAGAATCTGTTATTCGAGATCTCACACAAACTGGTTTCGCTAATGGTTTCAAAGGAAGGCACATTTTCCGAATCGACGAAAATATCCTAACTGGAACATGCAATAAAGATATAGATGGTGCTAATCTACCGTTAATGATATCTCCAGAAAGTGGAAATATGCTGGGTGGAACAATAGTGAATATAACAGGACCTTGTTTCGGCCTAGACGACCAAGTTAAATGCAAATTTGATGTAGCCGATGAAATAAATGGCGTCGTTATAGATAAAAACAGGGCTATATGCATCCAACCTAGACTGTATGCCGAAGGATGGGTGAATTTACAAATAGCCATAGGGGCTGGGGTATACAAATGGA,N/A,N/A,dsRNA,In Vitro Transcription,Mesh,Structure,LOC111504068,N/A,none,Solanum tuberosum,Laboratory,0.4μg/μL,N/A,N/A,N/A,N/A,"Lethality,Teratogenicity",,N/A,32973826,"=DISPIMG(""ID_20283AEF41544A749C8464826A7CC105"",1)",For the effectiveness of dsMESH on 4th instar larvae，we recorded adult emergence and inspected plant substrate for beetle carcasses at the end of the trial.
Leptinotarsa decemlineata,,Coleoptera,Egg,417bp,CTTTTGTGGGATTCAACGCTGGAAACGGTACTAGAAGTTTTGAATACAAACCATACAGTCAAGAATCTGTTATTCGAGATCTCACACAAACTGGTTTCGCTAATGGTTTCAAAGGAAGGCACATTTTCCGAATCGACGAAAATATCCTAACTGGAACATGCAATAAAGATATAGATGGTGCTAATCTACCGTTAATGATATCTCCAGAAAGTGGAAATATGCTGGGTGGAACAATAGTGAATATAACAGGACCTTGTTTCGGCCTAGACGACCAAGTTAAATGCAAATTTGATGTAGCCGATGAAATAAATGGCGTCGTTATAGATAAAAACAGGGCTATATGCATCCAACCTAGACTGTATGCCGAAGGATGGGTGAATTTACAAATAGCCATAGGGGCTGGGGTATACAAATGGA,N/A,N/A,dsRNA,In Vitro Transcription,Mesh,Structure,LOC111504068,N/A,none,Solanum tuberosum,Laboratory,0.5 μg/μl,N/A,N/A,N/A,N/A,Lethality,High,about 95 ％ mortality 12 days post treatment,32973826,,
Leptinotarsa decemlineata,,Coleoptera,Larva,417bp,CTTTTGTGGGATTCAACGCTGGAAACGGTACTAGAAGTTTTGAATACAAACCATACAGTCAAGAATCTGTTATTCGAGATCTCACACAAACTGGTTTCGCTAATGGTTTCAAAGGAAGGCACATTTTCCGAATCGACGAAAATATCCTAACTGGAACATGCAATAAAGATATAGATGGTGCTAATCTACCGTTAATGATATCTCCAGAAAGTGGAAATATGCTGGGTGGAACAATAGTGAATATAACAGGACCTTGTTTCGGCCTAGACGACCAAGTTAAATGCAAATTTGATGTAGCCGATGAAATAAATGGCGTCGTTATAGATAAAAACAGGGCTATATGCATCCAACCTAGACTGTATGCCGAAGGATGGGTGAATTTACAAATAGCCATAGGGGCTGGGGTATACAAATGGA,N/A,N/A,dsRNA,In Vitro Transcription,Mesh,Structure,LOC111504068,N/A,none,Solanum tuberosum,Field,10 μg/ml,N/A,N/A,N/A,N/A,Lethality,High,"The mortality were 93, 84, and 95% in the three locations, respectively, at 7 days post treatment",32973826,,
Sogatella furcifera,,Hemiptera,Nymph,458bp,N/A,N/A,N/A,dsRNA,In Vitro Transcription,CYP302A1,Metabolism,KC579455,N/A,none,N/A,Laboratory,0.50 mg/ml,N/A,6d,N/A,N/A,"Lethality,Growth Inhibition",Medium,,24489765,"=DISPIMG(""ID_4C97BBB90E8B48B893476120ADE6A350"",1)","results showed that 5- or 6-day’s ingestion of dsdib by second-instar S. furcifera and fourthinstar L. striatellus nymphs killed approximately 15%–25% planthoppers during the experiments, and caused a further 15%–20% of individual to die after the feeding experiments."
Laodelphax striatellus,,Hemiptera,Nymph,406bp,N/A,N/A,N/A,dsRNA,In Vitro Transcription,CYP302A1,Metabolism,KC579460,N/A,none,N/A,Laboratory,0.50 mg/ml,N/A,5d,N/A,N/A,"Lethality,Growth Inhibition",Medium,,24489765,"=DISPIMG(""ID_5C1E2927F70746D4AF9BE032C4E5C12B"",1)","results showed that 5- or 6-day’s ingestion of dsdib by second-instar S. furcifera and fourthinstar L. striatellus nymphs killed approximately 15%–25% planthoppers during the experiments, and caused a further 15%–20% of individual to die after the feeding experiments."
Acyrthosiphon pisum,,Hemiptera,Nymph,185bp,N/A,N/A,N/A,dsRNA,In Vitro Transcription,vATPase,Transporter,XM_001946489,Actively transports protons (H⁺) across membranes using energy from ATP hydrolysis,none,A5 diet described by Febvay et al. (1988) with the sucrose content adjusted to 20%.,Laboratory,0–3.0 mg/ml,0.011 (0.008–0.013)2,1 week period.,N/A,N/A,Lethality,Medium,"In the aphid diet, dsRNA levels dropped 32  7% and 56  8% by days 3 and 6 respectively",19815067,"=DISPIMG(""ID_F0550BDA40BC4BF5A215F92E105CC5E1"",1)",
Tribolium castaneum,,Coleoptera,Larva,185bp,N/A,N/A,N/A,dsRNA,In Vitro Transcription,vATPase,Transporter,XM_965528,Actively transports protons (H⁺) across membranes using energy from ATP hydrolysis,none,wheat flour mixed with 10% brewer’s yeast,Laboratory,0–5.0 mg/ml,0.0025 (0.0019–0 0.0031)3,one week period,N/A,N/A,Lethality,Medium,"dsRNA levels in the solid diets that were fed to beetle and moth larvae only decreased on average 14  6% and 31  5% by days 3 and 6, respectively",19815067,"=DISPIMG(""ID_F0550BDA40BC4BF5A215F92E105CC5E1"",1)",
Manduca sexta,,Lepidoptera,Larva,185bp,N/A,N/A,N/A,dsRNA,In Vitro Transcription,vATPase,Transporter,X67131,Actively transports protons (H⁺) across membranes using energy from ATP hydrolysis,none,nicotine-free artificial diet,Laboratory,0–0.5 mg/ml,0.011 (0.008–0.013)2,one week period,N/A,N/A,Lethality,Medium,"moth larvae only decreased on average 14  6% and 31  5% by days 3 and 6, respectively",19815067,"=DISPIMG(""ID_F0550BDA40BC4BF5A215F92E105CC5E1"",1)",
Drosophila melanogaster,,Diptera,Larva,39nt,UCCUUAAGUAGUAGUGAUAAGACGAUUGUUGGUAUGACU,N/A,N/A,siRNA,In Vitro Transcription,gTub23C,Structure,FBgn0260639,"The gTub23C gene in Drosophila melanogaster encodes gamma-tubulin 23C, a protein that plays a core structural and functional role in microtubule organization, especially during cell division.",Liposome,N/A,Laboratory,N/A,0.46 (0.37–0.58),one week period,N/A,N/A,Lethality,Medium,N/A,19815067,"=DISPIMG(""ID_28E7BB557EC84283A512B30DDCF17E4F"",1)","The gTub23C gene is highly conserved in four species of Drosophila (D. melanogaster, D. sechellia, D. yakuba, and D. pseudoobscura), with each species sharing between 79 and 96% sequence identity throughout the coding sequence of the gene with the other species"
Drosophila pseudoobscura,,Diptera,Larva,41nt,UUUCUUUGUUUUUACAGCUUAUCUGUAUCUAAAUGUUACAA,N/A,N/A,siRNA,In Vitro Transcription,gTub23C,Structure,FBgn0076344,"he gTub23C gene in Drosophila melanogaster encodes gamma-tubulin 23C, a protein that plays a core structural and functional role in microtubule organization, especially during cell division.",Liposome,N/A,Laboratory,N/A,0.41 (0.35–0.50),one week period,N/A,N/A,Lethality,Medium,N/A,19815067,"=DISPIMG(""ID_842DEA6A56E240A894550A9C7AB21573"",1)","The gTub23C gene is highly conserved in four species of Drosophila (D. melanogaster, D. sechellia, D. yakuba, and D. pseudoobscura), with each species sharing between 79 and 96% sequence identity throughout the coding sequence of the gene with the other species"
Drosophila sechellia,,Diptera,Larva,29nt,AUAAGUAGUAAAAAGACGAUUGUUGGUAA,N/A,N/A,siRNA,In Vitro Transcription,gTub23C,Structure,FBgn0173288,"he gTub23C gene in Drosophila melanogaster encodes gamma-tubulin 23C, a protein that plays a core structural and functional role in microtubule organization, especially during cell division.",Liposome,N/A,Laboratory,N/A,0.61 (0.52–0.71),one week period,N/A,N/A,Lethality,Medium,N/A,19815067,"=DISPIMG(""ID_57F027915F424C13A60AA1D45624FE99"",1)","The gTub23C gene is highly conserved in four species of Drosophila (D. melanogaster, D. sechellia, D. yakuba, and D. pseudoobscura), with each species sharing between 79 and 96% sequence identity throughout the coding sequence of the gene with the other species"
Drosophila yakuba,,Diptera,Larva,37nt,AGAGAGUUUCCCAUCAAACGUUCAAUAUAUGACACAG,N/A,N/A,siRNA,In Vitro Transcription,gTub23C,Structure,FBgn0235626,"he gTub23C gene in Drosophila melanogaster encodes gamma-tubulin 23C, a protein that plays a core structural and functional role in microtubule organization, especially during cell division.",Liposome,N/A,Laboratory,N/A,0.53 (0.46–0.60),one week period,N/A,N/A,Lethality,Medium,N/A,19815067,"=DISPIMG(""ID_50213CF2F54346028996603A6EC4A858"",1)","The gTub23C gene is highly conserved in four species of Drosophila (D. melanogaster, D. sechellia, D. yakuba, and D. pseudoobscura), with each species sharing between 79 and 96% sequence identity throughout the coding sequence of the gene with the other species"
Nilaparvata lugens,,Hemiptera,Larva（3rd instar）,3235bp,N/A,807bp,N/A,dsRNA,In Vitro Transcription,trehalose phosphate synthase (TPS),Metabolism,N/A,"Trehalose always serves as a stabilizing agent of cellular structures under stress conditions and has a special capacity for the protection of cellular membranes and proteins from the undesirable effects of heat, cold or dehydration",none,N/A,Climate room,0.5 mg/ml,N/A,1–10d,N/A,N/A,Lethality,High,N/A,20726907,"=DISPIMG(""ID_6E950E3AD0DC49C685864347AADF14FE"",1)","=DISPIMG(""ID_433C94815BZ643E89FFC761F32D9BB87"",1)"
Aphis gossypii,,Hemiptera,Nymph,500bp,N/A,N/A,N/A,dsRNA,In Vitro Transcription,AgSCN,Nervous system,KT365907,"As these genes play a vital role in conduction of nerve impulse and in normal development of insects, respectively, they could be excellent targets in pest management",none,N/A,Climate room,0.0625 and 0.125 μg/μl,N/A,48 and 96-h,N/A,N/A,Lethality,Medium,N/A,https://doi.org/10.1093/aesa/sav107,"=DISPIMG(""ID_BAB30468E55647199172D07FEA839809"",1)",
Aphis gossypii,,Hemiptera,Nymph,444bp,N/A,N/A,N/A,dsRNA,In Vitro Transcription,AgUSP,Signaling pathway,KT365906,"As these genes play a vital role in conduction of nerve impulse and in normal development of insects, respectively, they could be excellent targets in pest management",none,N/A,Climate room,0.0625 and 0.125 μg/μl,N/A,48 and 96-h,N/A,N/A,Lethality,Medium,N/A,https://doi.org/10.1093/aesa/sav107,"=DISPIMG(""ID_2BB6F0C6E01242B594BF0681FFF30D21"",1)",
Aphis gossypii,,Hemiptera,Nymph,1120bp,N/A,N/A,N/A,dsRNA,In Vitro Transcription,Odorant-Binding Protein 2 (OBP2),Transporter,KP119553,"Olfaction plays a decisive role in orienting insects for host-seeking and oviposition. Biogenic volatile organic compounds (BVOCs) emitted by the host plants are detected and discriminated by olfactory receptor neurons (ORNs) housed in sensory hairs, sensilla, which are located in the antennae as well as in the maxillary palps",none,N/A,Laboratory,"0.0625, 0.125, and 0.25 μg/μl",N/A,N/A,N/A,N/A,Behavioral Aberration,Medium,N/A,26432291,"=DISPIMG(""ID_CD6CFEF0B53D438187845E9F560AF96C"",1)","=DISPIMG(""ID_D7C2E0AE98C4424689981E17A5B0A87D"",1)"
Chilo suppressalis,,Lepidoptera,Larva,N/A,N/A,352bp,N/A,dsRNA,In Vitro Transcription,CsCYP15C1,Metabolism,GenBank accession no. MH161188,N/A,none,Rice seedlings (MH63),Laboratory,1 μg/μL,N/A,N/A,N/A,N/A,"Lethality,Growth Inhibition",Medium,about 60％ mortality at 3 days after ingesting.,32061016,"=DISPIMG(""ID_1C158EB6C0244C9998E0B293E3F00762"",1)",
Chilo suppressalis,,Lepidoptera,Larva,N/A,N/A,352bp,N/A,dsRNA,In Vitro Transcription,CsCYP15C1,Metabolism,GenBank accession no. MH161188,N/A,Nanoparticle,Rice seedlings (MH63),Laboratory,1 μg/μL,N/A,N/A,N/A,N/A,"Lethality,Growth Inhibition",High,about 80％ mortality at 3 days after ingesting.,32061016,"=DISPIMG(""ID_7A6E92054BEF4B499AED3E3AC0FD5ED4"",1)",
Aphis gossypii,,Hemiptera,Nymph,491bp,N/A,N/A,N/A,dsRNA,In Vitro Transcription,JHBP,Transporter,KJ018753,JHBP is a critical protein that regulates the JH signaling,none,N/A,Laboratory,"1.0, 0.5, and 0.25 μg/μL",N/A,"48, 72, and 96 h",N/A,N/A,Lethality,Medium,N/A,26645766,"=DISPIMG(""ID_09371CDF83EC462893AB9E24AC20C760"",1)",
Aphis gossypii,,Hemiptera,Nymph,484bp,N/A,N/A,N/A,dsRNA,In Vitro Transcription,vATPase-H,Transporter,KJ018752,"ATPase (V-ATPase), which is a proton pump that couples the hydrolysis of ATP to the transport of protons across membranes",none,N/A,Laboratory,"1.0, 0.5, and 0.25 μg/μL",N/A,"48, 72, and 96 h",N/A,N/A,Lethality,Medium,N/A,26645766,"=DISPIMG(""ID_DB1A8E9AE16040BEB7CBDBC1F55E8E44"",1)",
Planococcus citri,,Hemiptera,Nymph,367bp,N/A,N/A,N/A,dsRNA,In Vitro Transcription,Chitin synthase (Chs),Metabolism,,"Chitinase (Chit) and Chitin synthase (Chs) gene, which are crucial for arthropod growth and development by participating in chitin biosynthesis and metabolic pathway",Nanoparticle,N/A,Laboratory,320 ng/μl,N/A,48 h,N/A,N/A,Lethality,Low,"dsPcChit, the knockdown efficiency of the Chit gene induced by CS-STPP-dsPcChit and MgAl-LDH-dsPcChit was significantly increased by 23.35% (P < 0.01) and 10.85% (P < 0.05), respectively (Fig. 2B), and correspondingly the mortality was significantly increased by 24.88% (P < 0.01) and 12.49% (P < 0.01), respectively",39237945,"=DISPIMG(""ID_BFEA887CC6B14AE890DFAE5FEB4FFC3C"",1)","=DISPIMG(""ID_F87BEA5B834D41B1B7011E14C47F4494"",1)"
Planococcus citri,,Hemiptera,Nymph,354bp,N/A,N/A,N/A,dsRNA,"In Vitro Transcription,Chemical Synthesis",Chitinase (Chit),Metabolism,,"Chitinase (Chit) and Chitin synthase (Chs) gene, which are crucial for arthropod growth and development by participating in chitin biosynthesis and metabolic pathway",Nanoparticle,N/A,Laboratory,320 ng/μl,N/A,48 h,N/A,N/A,Lethality,Low,,39237945,"=DISPIMG(""ID_E12747F485F74E22847525C6D1957378"",1)",
Diaphorina citri,,Hemiptera,Nymph,441bp,N/A,N/A,N/A,dsRNA,In Vitro Transcription,Chitin synthase (Chs),Metabolism,,"Chitinase (Chit) and Chitin synthase (Chs) gene, which are crucial for arthropod growth and development by participating in chitin biosynthesis and metabolic pathway",Nanoparticle,N/A,Laboratory,160 ng/μl,N/A,48 h,N/A,N/A,Lethality,Low,"In the shoot soaking bioassay of D. citri, compared with naked dsRNA (DcChs, DcChit, DcChs + DcChit), MgAl-LDH-dsRNA and MgFe-LDHdsRNA significantly increased (P < 0.05) the knockdown efficiency of the target genes by 16.05%, 30.63%, 24.46%, 30.44%, 22.67%, and 29.90% and significantly increased (P < 0.05) the corrected mortality of nymphs by 15.32%, 12.15%, 11.67%, 15.32%, 23.15%, and 19.89%, respectively",39237945,"=DISPIMG(""ID_D5B535BB1F4B4023A49B018EDD8500D5"",1)",
Diaphorina citri,,Hemiptera,Nymph,476bp,N/A,N/A,N/A,dsRNA,In Vitro Transcription,Chitinase (Chit),Metabolism,,"Chitinase (Chit) and Chitin synthase (Chs) gene, which are crucial for arthropod growth and development by participating in chitin biosynthesis and metabolic pathway",Nanoparticle,N/A,Laboratory,160 ng/μl,N/A,48 h,N/A,N/A,Lethality,Low,,39237945,"=DISPIMG(""ID_9D20D077FB6A40658190E3800C192605"",1)",
Aphis gossypii,,Hemiptera,Nymph,498bp,N/A,N/A,N/A,dsRNA,In Vitro Transcription,Chitin synthase (Chs),Metabolism,,"Chitinase (Chit) and Chitin synthase (Chs) gene, which are crucial for arthropod growth and development by participating in chitin biosynthesis and metabolic pathway",Nanoparticle,N/A,Laboratory,160 ng/μl,N/A,48 h,N/A,N/A,Lethality,Low,"In the shoot soaking bioassay of A. gossypii, compared with naked dsRNA (AgChs, AgChit, AgChs + AgChit), MgAl-LDH-dsRNA and MgFe-LDHdsRNA markedly increased (P < 0.05) the knockdown efficiency of the target genes by 16.42%, 27.02%, 34.75%, 18.34%, 17.53% and 65.58%, and significantly increased (P < 0.05) the corrected mortality of larvae by 6.50%, 16.77%, 26.04%, 23.59%, 26.25% and 38.13%, respectively",39237945,"=DISPIMG(""ID_748D9B9377C743A7939D479EC8246FB9"",1)",
Aphis gossypii,,Hemiptera,Nymph,386bp,N/A,N/A,N/A,dsRNA,In Vitro Transcription,Chitinase (Chit),Metabolism,,"Chitinase (Chit) and Chitin synthase (Chs) gene, which are crucial for arthropod growth and development by participating in chitin biosynthesis and metabolic pathway",Nanoparticle,N/A,Laboratory,160 ng/μl,N/A,48 h,N/A,N/A,Lethality,Low,,39237945,"=DISPIMG(""ID_748D9B9377C743A7939D479EC8246FB9"",1)",
Helicoverpa armigera,,Lepidoptera,Larva,23nt,UUCAUGGGAACGAAUUCCCTT,1679 bp,"=DISPIMG(""ID_958E7D8D5583486580E20A5DC00C4766"",1)",siRNA,Chemical Synthesis,v-ATPase A,Transporter,,N/A,none,Tobacco plants (Nicotiana tabacum cv. Samsun NN),Greenhouse,1 mg/ml,N/A,8d,N/A,N/A,Lethality,Low,About 9.8％ morality after after siRNA ingestion,25752433,"=DISPIMG(""ID_AB5F6702822D46B4A8D7F8B65707F71D"",1)",
Helicoverpa armigera,,Lepidoptera,Larva,23nt,AUGUCACGGAAGUACUCGGTT,1679 bp,"=DISPIMG(""ID_793D615A203B4A919D3D03F9B244768F"",1)",siRNA,Chemical Synthesis,v-ATPase A,Transporter,,N/A,none,Tobacco plants (Nicotiana tabacum cv. Samsun NN),Greenhouse,1 mg/ml,N/A,8d,N/A,N/A,Lethality,Low,About 9.8％ morality after after siRNA ingestion,25752433,"=DISPIMG(""ID_AB5F6702822D46B4A8D7F8B65707F71D"",1)",
Helicoverpa armigera,,Lepidoptera,Larva,23nt,AAGGAAGCUAACCUAGCGCTT,1679 bp,"=DISPIMG(""ID_5682B06327034E08AA167B2F9E3CFCDF"",1)",siRNA,Chemical Synthesis,v-ATPase A,Transporter,,N/A,none,Tobacco plants (Nicotiana tabacum cv. Samsun NN),Greenhouse,1 mg/ml,N/A,8d,N/A,N/A,Lethality,Low,About 9.8％ morality after after siRNA ingestion,25752433,"=DISPIMG(""ID_AB5F6702822D46B4A8D7F8B65707F71D"",1)",
Helicoverpa armigera,,Lepidoptera,Larva,23nt,AUCUCCUUGACCUUUGUCCTT,1679 bp,"=DISPIMG(""ID_D06DF06BD75B4BB08F13F224B37F70D5"",1)",siRNA,Chemical Synthesis,v-ATPase A,Transporter,,N/A,none,Tobacco plants (Nicotiana tabacum cv. Samsun NN),Greenhouse,1 mg/ml,N/A,8d,N/A,N/A,Lethality,Low,About 9.8％ morality after after siRNA ingestion,25752433,"=DISPIMG(""ID_AB5F6702822D46B4A8D7F8B65707F71D"",1)",
Helicoverpa armigera,,Lepidoptera,Larva,23nt,AGUAAUCCACGCAGUUUACGCTT,1379 bp,"=DISPIMG(""ID_B3197B53B3974197B89E94DB1FD06CDA"",1)",siRNA,Chemical Synthesis,coatomer β,Transporter,,N/A,none,Tobacco plants (Nicotiana tabacum cv. Samsun NN),Greenhouse,1 mg/ml,N/A,8d,N/A,N/A,Lethality,Low,About 10％ morality after after siRNA ingestion,25752433,"=DISPIMG(""ID_F6AADF4B0C1F4AC486A7973719C79B31"",1)",
Helicoverpa armigera,,Lepidoptera,Larva,23nt,GAUUGCCACAUUAUUAGAUCCTT,1379 bp,"=DISPIMG(""ID_35130DBEEB754C0EACCEBF500614FBBD"",1)",siRNA,Chemical Synthesis,coatomer β,Transporter,,N/A,none,Tobacco plants (Nicotiana tabacum cv. Samsun NN),Greenhouse,1 mg/ml,N/A,8d,N/A,N/A,Lethality,Low,About 10％ morality after after siRNA ingestion,25752433,"=DISPIMG(""ID_F6AADF4B0C1F4AC486A7973719C79B31"",1)",
Helicoverpa armigera,,Lepidoptera,Larva,23nt,ACUUGCUGCAUCUCCGAAUGCTT,1379 bp,"=DISPIMG(""ID_A777A02AF31D4B2AAABCEC03F2919C7C"",1)",siRNA,Chemical Synthesis,coatomer β,Transporter,,N/A,none,Tobacco plants (Nicotiana tabacum cv. Samsun NN),Greenhouse,1 mg/ml,N/A,8d,N/A,N/A,Lethality,Low,About 10％ morality after after siRNA ingestion,25752433,"=DISPIMG(""ID_F6AADF4B0C1F4AC486A7973719C79B31"",1)",
Helicoverpa armigera,,Lepidoptera,Larva,23nt,UGAUGUUGGUGUUCGUCUCCCTT,1379 bp,"=DISPIMG(""ID_433A912781C24C1F842F9693110B578A"",1)",siRNA,Chemical Synthesis,coatomer β,Transporter,,N/A,none,Tobacco plants (Nicotiana tabacum cv. Samsun NN),Greenhouse,1 mg/ml,N/A,8d,N/A,N/A,Lethality,Low,About 10％ morality after after siRNA ingestion,25752433,"=DISPIMG(""ID_F6AADF4B0C1F4AC486A7973719C79B31"",1)",
Helicoverpa armigera,,Lepidoptera,Larva,23nt;23nt,N/A,1679 bp；1379 bp,N/A,siRNA,Chemical Synthesis,v-ATPase A+coatomer β,Transporter,,N/A,none,Tobacco plants (Nicotiana tabacum cv. Samsun NN),Greenhouse,1 mg/ml,N/A,8d,N/A,N/A,Lethality,Low,About 11％ morality after after siRNA ingestion,25752433,"=DISPIMG(""ID_C934897B420A454E9A44A2B40A9A4116"",1)",
Helicoverpa armigera,,Lepidoptera,Larva,N/A,N/A,656bp,"=DISPIMG(""ID_B565682A79064694B1C3A57EDDEDD8A9"",1)",dsRNA,In Vitro Transcription,v-ATPase-A,Transporter,MG457281,"Acetylcholinesterase (AChE) hydrolyzes the acetylcholine neurotransmitter into its acetate and acetyl-CoA, thereby eliminating remaining neurotransmitter molecules from the synaptic cleft that determine regular behavior. AChE obstruction provokes elevated acetylcholine concentrations, causing insistent stimulation of glands and muscle and resulting in paralysis, muscle dysfunction and mortality23.",Other,N/A,Laboratory,20 μg/μL,N/A,4-10d,N/A,8h,Lethality,Medium,EcR and v-ATPase-A dsRNA-coated diets caused 64% and 72% mortality in H. armigera larva after 10 days of feeding,35729318,"=DISPIMG(""ID_BA529B3A1D9D448D8BD2FB782C6735C9"",1)",
Helicoverpa armigera,,Lepidoptera,Larva,N/A,N/A,700bp,"=DISPIMG(""ID_E16FE20E418C4054830A7357B0444307"",1)",dsRNA,In Vitro Transcription,AChE,Nervous system,MG030629,Vacuolar-type ATPases accounted for several ions conveying in insect epithelia. It is a multi-subunit enzyme comprising V1 and V0 domains. Subunit A is the catalytic site of the V1 domain involved in hydrolysis of ATP,Other,N/A,Laboratory,20 μg/μL,N/A,4-10d,N/A,8h,Lethality,Medium,"ds-AChE proved to be lethal to H. armigera larva, with ≥ 74% mortality in the in-vivo bioassay, which was significantly higher than that in the ds-egfp group (p ≤ 0.05)",35729318,"=DISPIMG(""ID_001470BF9E1F483B8EB3CBD09EE9A944"",1)",
Helicoverpa armigera,,Lepidoptera,Larva,N/A,N/A,627bp,"=DISPIMG(""ID_BA21EC60EF784B768DE1FC6B0CF3C7AD"",1)",dsRNA,In Vitro Transcription,EcR,Metamorphosis,MG457282,"The ecdysone receptor EcR gene, the third target studied in this report, is actively involved in the steroid signaling pathway, whose stimulation persuades a cascade of ecdysone receptive genes that are crucial for insect growth.",Other,N/A,Laboratory,20 μg/μL,N/A,4-10d,N/A,8h,"Lethality,Physiological Effects",Medium,EcR and v-ATPase-A dsRNA-coated diets caused 64% and 72% mortality in H. armigera larva after 10 days of feeding,35729318,"=DISPIMG(""ID_250297CA652A468F85B7A1D5FF37B87F"",1)",
Ostrinia furnacalis (Guenée),,Lepidoptera,Larva,"N/A
N/A
N/A","N/A
N/A
N/A",N/A,N/A,dsRNA,In Vitro Transcription,DS2,"Signaling pathway,Structure",GH989961,N/A,none,N/A,Laboratory,50 ng/μl,N/A,<1d,N/A,N/A,Lethality,High,The mortality is about 95% 5 days after treatment,21494551,"=DISPIMG(""ID_C22CD03CD54F47D6B0C9F2ED1EF662C5"",1)",
Ostrinia furnacalis (Guenée),,Lepidoptera,Larva,N/A,N/A,N/A,N/A,dsRNA,In Vitro Transcription,DS3,"Signaling pathway,Structure",GH993407,N/A,none,N/A,Laboratory,50 ng/μl,N/A,<1d,N/A,N/A,"Lethality,Growth Inhibition",High,The mortality is about 88% 5 days after  treatment,21494551,"=DISPIMG(""ID_922E870D559446B78B887CA2B7AA1510"",1)",
Ostrinia furnacalis (Guenée),,Lepidoptera,Larva,N/A,N/A,N/A,N/A,dsRNA,In Vitro Transcription,DS5,Proteasome,GH998766,N/A,none,N/A,Laboratory,50 ng/μl,N/A,<1d,N/A,N/A,"Lethality,Growth Inhibition",Medium,The mortality is about 40% 5 days after  treatment,21494551,"=DISPIMG(""ID_FF231D2DD7754468B7D319CAB81F9C27"",1)",
Ostrinia furnacalis (Guenée),,Lepidoptera,Larva,N/A,N/A,N/A,N/A,dsRNA,In Vitro Transcription,DS6,Proteasome,EL929307,N/A,none,N/A,Laboratory,50 ng/μl,N/A,<1d,N/A,N/A,"Lethality,Growth Inhibition",Medium,The mortality is about 78% 5 days after  treatment,21494551,"=DISPIMG(""ID_5E655F9F3BFE422892F0512748D3A9EC"",1)",
Ostrinia furnacalis (Guenée),,Lepidoptera,Larva,N/A,N/A,N/A,N/A,dsRNA,In Vitro Transcription,DS10,Proteasome,GH999144,N/A,none,N/A,Laboratory,50 ng/μl,61.02ng/μL,<1d,N/A,N/A,"Lethality,Growth Inhibition",High,The mortality is about 100% 5 days after  treatment,21494551,"=DISPIMG(""ID_C68909C79EA74E1482F6300B9F04BB24"",1)",
Ostrinia furnacalis (Guenée),,Lepidoptera,Larva,N/A,N/A,N/A,N/A,dsRNA,In Vitro Transcription,DS10,Proteasome,GH999144,N/A,none,N/A,Laboratory,50 ng/μl,61.02ng/μL,<1d,N/A,N/A,"Lethality,Growth Inhibition",Medium,The mortality is 40% 5 days after  treatment,21494551,,
Ostrinia furnacalis (Guenée),,Lepidoptera,Larva,"N/A
N/A
N/A","N/A
N/A
N/A",N/A,N/A,dsRNA,In Vitro Transcription,DS12,Metabolism,GH989348,N/A,none,N/A,Laboratory,50 ng/μl,N/A,<1d,N/A,N/A,"Lethality,Growth Inhibition",High,The mortality is about 85% 5 days after  treatment,21494551,"=DISPIMG(""ID_CCAF336F0B164930A99ED6C4355762DF"",1)",
Ostrinia furnacalis (Guenée),,Lepidoptera,Larva,N/A,N/A,N/A,N/A,dsRNA,In Vitro Transcription,DS28,,GH997930,N/A,none,N/A,Laboratory,50 ng/μl,60.44 ng/μl,<1d,N/A,N/A,"Lethality,Growth Inhibition",High,The mortality is about 93% 5 days after  treatment,21494551,"=DISPIMG(""ID_C22CD03CD54F47D6B0C9F2ED1EF662C5"",1)",
Ostrinia furnacalis (Guenée),,Lepidoptera,Larva,N/A,N/A,N/A,N/A,dsRNA,In Vitro Transcription,DS28,,GH997930,N/A,none,N/A,Laboratory,50 ng/μl,60.44 ng/μl,<1d,N/A,N/A,"Lethality,Growth Inhibition",Medium,The mortality is 52% 5 days after  treatment,21494551,,
Ostrinia furnacalis (Guenée),,Lepidoptera,Larva,N/A,N/A,N/A,N/A,dsRNA,In Vitro Transcription,DS30,Metabolism,GH989017,N/A,none,N/A,Laboratory,50 ng/μl,N/A,<1d,N/A,N/A,"Lethality,Growth Inhibition",Medium,The mortality is about 77% 5 days after  treatment,21494551,"=DISPIMG(""ID_FF231D2DD7754468B7D319CAB81F9C27"",1)",
Ostrinia furnacalis (Guenée),,Lepidoptera,Larva,N/A,N/A,N/A,N/A,dsRNA,In Vitro Transcription,DS34,"Metabolism,Signaling pathway,Transporter",EL928502,N/A,none,N/A,Laboratory,50 ng/μl,N/A,<1d,N/A,N/A,"Lethality,Growth Inhibition",High,The mortality is about 85% 5 days after  treatment,21494551,"=DISPIMG(""ID_5E655F9F3BFE422892F0512748D3A9EC"",1)",
Ostrinia furnacalis (Guenée),,Lepidoptera,Larva,N/A,N/A,N/A,N/A,dsRNA,In Vitro Transcription,DS35,Metamorphosis,GH994832,N/A,none,N/A,Laboratory,50 ng/μl,N/A,<1d,N/A,N/A,"Lethality,Growth Inhibition",High,The mortality is about 93% 5 days after  treatment,21494551,"=DISPIMG(""ID_C68909C79EA74E1482F6300B9F04BB24"",1)",
Plutella xylostella,,Lepidoptera,Larva（2nd instar）,21nt,3'-TTGCCGCUGUGAACUAGAUAU-5',N/A,N/A,siRNA,Chemical Synthesis,PxAChE2,Nervous system,AY970293,AChE is an enzyme that terminates the neurotransmission by rapidly hydrolyzing the neurotransmitter acetylcholine at cholinergic synapses. When TcAce1 is silenced the neurotransmission can't be terminates leads to mortality.,none,Brassica oleracea,Field,200 μg/ml,N/A,<1d,5d,N/A,Lethality,medium,The mortality is 58.8% 5 days after  treatment,23667556,siRNA：Si-ace2_001,
Leptinotarsa decemlineata,,Coleoptera,Larva（2nd instar）,"N/A
N/A
N/A","N/A
N/A
N/A",296bp,"=DISPIMG(""ID_557D4F425E8F441F92F3DF356C342F0F"",1)",dsRNA,In Vitro Transcription,Actin,Structure,GenBank accession number KJ577616,N/A,none,Solanum tuberosum L.,Laboratory,10μg/leaf,N/A,4d,N/A,The biological activity of the dsRNA that was allowed to dry for 1h was slight declined.,"Lethality,Growth Inhibition",High,100% mortality after 7 days of treatment,26097110,"=DISPIMG(""ID_FC1BE26E4FE34FD1BF0AB56C8FDFFBA5"",1)",
Leptinotarsa decemlineata,,Coleoptera,Larva（2nd instar）,297bp,"N/A
N/A
N/A",296bp,"=DISPIMG(""ID_557D4F425E8F441F92F3DF356C342F0F"",1)",dsRNA,In Vitro Transcription,Actin,Structure,GenBank accession number KJ577616,N/A,none,Solanum tuberosum L.,Laboratory,5μg/leaf,N/A,4d,N/A,The biological activity of the dsRNA that was allowed to dry for 1h was slight declined. A thin residue of CPB actin-dsRNA (297 bp) on a glass surface exposed to 1500 μW cm−2 of 254 nm UV light lost biological activity over the course of a few hours.,"Lethality,Growth Inhibition",High,96% mortality after 7 days of treatment,26097110,"=DISPIMG(""ID_23297525E31A4C1A89D0BFD60D37B616"",1)","=DISPIMG(""ID_8487B43E9F7A4C56B9809AD6E2F6DCD8"",1)"
Leptinotarsa decemlineata,,Coleoptera,Larva（2nd instar）,266bp,N/A,N/A,N/A,dsRNA,In Vitro Transcription,Actin,Structure,GenBank accession number KJ577616,N/A,none,Solanum tuberosum L.,Laboratory,5μg/leaf,N/A,4d,N/A,The biological activity of the dsRNA that was allowed to dry for 1h was slight declined.,"Lethality,Growth Inhibition",High,94% mortality after 7 days of treatment,26097110,"=DISPIMG(""ID_2F2E547DE0EF4E6A96AD78D6F94B409E"",1)",
Leptinotarsa decemlineata,,Coleoptera,Larva（2nd instar）,208bp,N/A,296bp,"=DISPIMG(""ID_500740892D63442EAA062AA0A3E5C794"",1)",dsRNA,In Vitro Transcription,Actin,Structure,GenBank accession number KJ577616,N/A,none,Solanum tuberosum L.,Laboratory,5μg/leaf,N/A,4d,N/A,The biological activity of the dsRNA that was allowed to dry for 1h was slight declined.,"Lethality,Growth Inhibition",Low,35% mortality after 7 days of treatment,26097110,"=DISPIMG(""ID_FC1BE26E4FE34FD1BF0AB56C8FDFFBA5"",1)",
Leptinotarsa decemlineata,,Coleoptera,Larva（2nd instar）,102bp,N/A,296bp,"=DISPIMG(""ID_557D4F425E8F441F92F3DF356C342F0F"",1)",dsRNA,In Vitro Transcription,Actin,Structure,GenBank accession number KJ577616,N/A,none,Solanum tuberosum L.,Laboratory,5μg/leaf,N/A,N/A,N/A,The biological activity of the dsRNA that was allowed to dry for 1h was slight declined.,Growth Inhibition,Low,0% mortality,26097110,"=DISPIMG(""ID_23297525E31A4C1A89D0BFD60D37B616"",1)",
Leptinotarsa decemlineata,,Coleoptera,Larva（2nd instar）,50bp,N/A,296bp,"=DISPIMG(""ID_397B93A40C644D9D9C85B87F751B32D6"",1)",dsRNA,In Vitro Transcription,Actin,Structure,GenBank accession number KJ577616,N/A,none,Solanum tuberosum L.,Laboratory,5μg/leaf,N/A,N/A,N/A,The biological activity of the dsRNA that was allowed to dry for 1h was slight declined.,Growth Inhibition,Low,0% mortality,26097110,"=DISPIMG(""ID_2F2E547DE0EF4E6A96AD78D6F94B409E"",1)",
Leptinotarsa decemlineata,,Coleoptera,Larva（2nd instar）,N/A,N/A,296bp,"=DISPIMG(""ID_500740892D63442EAA062AA0A3E5C794"",1)",dsRNA,In Vitro Transcription,Actin,Structure,GenBank accession number KJ577616,N/A,none,Solanum tuberosum L.,Greenhouse,5μg,N/A,N/A,At least 4 weeks,The biological activity of the dsRNA that was allowed to dry for 1h was slight declined.,"Lethality,Growth Inhibition",High,100% mortality after 7 days of treatment,26097110,"=DISPIMG(""ID_2F2E547DE0EF4E6A96AD78D6F94B409E"",1)",
Helicoverpa armigera,,Lepidoptera,Larva（3rd instar）,N/A,N/A,1671bp,N/A,dsRNA,Microbial Synthesis,HR3,Metamorphosis,FJ009448,HR3 plays a key role during metamorphosis by regulating metamorphosis-related genes expression,none,N/A,Laboratory,N/A,N/A,7d,N/A,N/A,"Lethality,Physiological Effects",Low,"after 7 days offeeding, the mortality was 40%",23630449,"=DISPIMG(""ID_F14C1F7808B341048F0F29E695787DDC"",1)",
Bemisia tabaci,,Hemiptera,Adult,N/A,N/A,589bp,N/A,dsRNA,In Vitro Transcription,glutathione S-transferase,Metabolism,KJ913696,"lutathione S-transferases function primarily as detoxifying enzymes that protect cells by conjugating glutathione to harmful compounds, facilitating their removal and maintaining cellular health",Other,N/A,Laboratory,"0.25, 0.50, and 1.0 μg/μl,",N/A,72h,N/A,N/A,Lethality,Medium,Diet-delivered dsRNA for GST produced mortality ranging from 3.0 to 77 %,25480347,"=DISPIMG(""ID_181EF2E6C35C421E910D8C34E94FAF91"",1)",
Locusta migratoria manilensis,,Orthoptera,Adult,N/A,N/A,1491bp,"=DISPIMG(""ID_615036B984CA4EDB84F7645488279A7C"",1)",dsRNA,In Vitro Transcription,"b-1,3-Glucan recognition protein (bGRP)",Signaling pathway,,"The pattern recognition protein b-1,3-glucan recogni- tion protein (bGRP) binds to b-1,3-glucan on fungal surfaces to mediate melanization via the prophenoloxidase (PPO)-activating cascade.",none,N/A,Laboratory,N/A,N/A,72h,N/A,N/A,"Lethality,Physiological Effects",High,"after 6 days injection, the mortality was 50%",22062247,"=DISPIMG(""ID_D11C7F0C3BE148A28ED9AA9A479FFBC4"",1)",